image,transcription,transliteration,length,font_used
s_img_00296.png,ꦏꦔꦪꦚꦱꦠ,kangayanyasata,6,AB Bakul
s_img_00002.png,ꦒꦩ,gama,2,Noto Sans Javanese Regular
s_img_00129.png,ꦮꦩꦔ,wamanga,3,AB Bakul
s_img_01186.png,ꦩꦱꦗꦗꦮꦲ,masajajawaha,6,CARAKAN JAWA
s_img_00771.png,ꦝꦛ,dhatha,2,Nayaka New
s_img_00265.png,ꦗꦏ,jaka,2,AR Demak Beta
s_img_00618.png,ꦚꦔꦏꦔꦩ,nyangakangama,5,Sehulbari
s_img_01197.png,ꦛꦝ,thadha,2,Djoharuddin
s_img_01118.png,ꦥꦔꦱꦮ,pangasawa,4,Dhuwung
s_img_00328.png,ꦢꦕꦔꦛ,dacangatha,4,AB Wulang
s_img_00804.png,ꦝꦲ,dhaha,2,Nyk Ngayogyan Jejeg
s_img_00023.png,ꦮꦔꦪꦥꦲꦤ,wangayapahana,6,Gumregah New FULL
s_img_00812.png,ꦮꦝꦚꦚꦪꦥ,wadhanyanyayapa,6,New Kramawirya
s_img_00592.png,ꦒꦝꦢꦝ,gadhadadha,4,Dhuwung
s_img_00998.png,ꦛꦛ,thatha,2,Damarwulan
s_img_00662.png,ꦔꦛꦕꦔꦒ,ngathacangaga,5,Nawatura Beta
s_img_00197.png,ꦩꦢꦮꦗꦲꦛ,madawajahatha,6,Gumregah New FULL
s_img_00013.png,ꦮꦩꦱꦒꦛ,wamasagatha,5,Sehulbari
s_img_00550.png,ꦔꦗꦥ,ngajapa,3,Noto Sans Javanese Regular
s_img_01112.png,ꦕꦗꦲꦩꦱꦲ,cajahamasaha,6,Damarwulan
s_img_01099.png,ꦩꦒꦏꦥꦭꦱ,magakapalasa,6,Nyk Ngayogyan Jejeg
s_img_00384.png,ꦒꦧꦠꦫ,gabatara,4,Nyk Ngayogyan Jejeg
s_img_00578.png,ꦔꦒꦤ,ngagana,3,Djoharuddin
s_img_00552.png,ꦒꦗꦢꦢꦝꦢ,gajadadadhada,6,Nayaka New
s_img_01095.png,ꦕꦝꦤꦝꦕ,cadhanadhaca,5,Nayaka New
s_img_00740.png,ꦕꦲꦥꦗꦛꦪ,cahapajathaya,6,Jamawi
s_img_00298.png,ꦒꦲ,gaha,2,Tuladha Jejeg
s_img_00154.png,ꦲꦢ,hada,2,Jamawi
s_img_01018.png,ꦤꦥꦥꦏꦔ,napapakanga,5,Sehulbari
s_img_00045.png,ꦮꦚꦏꦗ,wanyakaja,4,CARAKAN JAWA
s_img_01074.png,ꦥꦚꦤ,panyana,3,Nyk Ngayogyan New Italic
s_img_00831.png,ꦲꦮꦭꦝꦝꦕ,hawaladhadhaca,6,Sehulbari
s_img_00472.png,ꦛꦥꦩꦏꦱ,thapamakasa,5,Djoharuddin
s_img_00928.png,ꦚꦫ,nyara,2,New Kramawirya
s_img_00613.png,ꦒꦭ,gala,2,Sehulbari
s_img_01172.png,ꦩꦧꦧꦱ,mababasa,4,AR Demak Beta
s_img_00647.png,ꦚꦗ,nyaja,2,Noto Sans Javanese Regular
s_img_00324.png,ꦮꦤꦢꦤꦭꦝ,wanadanaladha,6,Djoharuddin
s_img_00601.png,ꦠꦔꦛꦲꦮ,tangathahawa,5,AR Demak Beta
s_img_00727.png,ꦮꦕꦗꦫꦤꦗ,wacajaranaja,6,AR Demak Beta
s_img_00392.png,ꦱꦪꦏꦢ,sayakada,4,AB Wulang
s_img_00233.png,ꦛꦛꦏꦢꦮ,thathakadawa,5,Tuladha Jejeg
s_img_00490.png,ꦒꦲꦤꦢ,gahanada,4,Nayaka New
s_img_00772.png,ꦔꦏꦮ,ngakawa,3,Damarwulan
s_img_00818.png,ꦕꦧꦗꦗꦗꦚ,cabajajajanya,6,AB Wulang
s_img_00511.png,ꦫꦫ,rara,2,Djoharuddin
s_img_00299.png,ꦫꦚꦥꦏꦗꦛ,ranyapakajatha,6,Sehulbari
s_img_00811.png,ꦗꦤꦕꦤꦤ,janacanana,5,Nyk Ngayogyan Jejeg
s_img_01085.png,ꦚꦭꦩ,nyalama,3,AR Demak Beta
s_img_00435.png,ꦥꦏꦭꦮꦢꦫ,pakalawadara,6,CARAKAN JAWA
s_img_00036.png,ꦢꦒꦩꦮꦩꦩ,dagamawamama,6,Sehulbari
s_img_00450.png,ꦗꦢꦪꦒ,jadayaga,4,Noto Sans Javanese Regular
s_img_00318.png,ꦱꦭꦢꦪꦏ,saladayaka,5,Damarwulan
s_img_00769.png,ꦤꦏꦲ,nakaha,3,Nyk Ngayogyan New Italic
s_img_01033.png,ꦫꦲꦏꦏ,rahakaka,4,Gumregah New FULL
s_img_00981.png,ꦒꦕꦏꦧꦒꦠ,gacakabagata,6,New Kramawirya
s_img_00231.png,ꦭꦩꦫꦝ,lamaradha,4,AB Bakul
s_img_00357.png,ꦲꦤꦱꦱꦏꦧ,hanasasakaba,6,AB Bakul
s_img_00150.png,ꦗꦢꦢꦔꦗ,jadadangaja,5,CARAKAN JAWA
s_img_01182.png,ꦱꦚꦏꦒꦤ,sanyakagana,5,Nyk Ngayogyan New Italic
s_img_01094.png,ꦥꦫꦒꦛꦏꦲ,paragathakaha,6,Jamawi
s_img_00213.png,ꦛꦠꦏ,thataka,3,Nawatura Beta
s_img_00035.png,ꦭꦭꦛꦠꦏꦩ,lalathatakama,6,New Kramawirya
s_img_00070.png,ꦚꦮꦧꦠꦩꦒ,nyawabatamaga,6,Tuladha Jejeg
s_img_00337.png,ꦔꦫꦥꦭ,ngarapala,4,AB Bakul
s_img_00966.png,ꦝꦲꦚꦮꦢꦮ,dhahanyawadawa,6,Nawatura Beta
s_img_01086.png,ꦔꦧꦒꦔꦲꦩ,ngabagangahama,6,Nawatura Beta
s_img_01113.png,ꦭꦤ,lana,2,CARAKAN JAWA
s_img_00590.png,ꦠꦤꦤꦛꦝ,tananathadha,5,AR Demak Beta
s_img_00733.png,ꦕꦥꦝꦗꦏꦪ,capadhajakaya,6,Dhuwung
s_img_00783.png,ꦏꦒꦒ,kagaga,3,Gumregah New FULL
s_img_00562.png,ꦱꦲꦧꦔꦫꦤ,sahabangarana,6,Nawatura Beta
s_img_00787.png,ꦥꦕꦕꦮꦠꦢ,pacacawatada,6,Jamawi
s_img_00477.png,ꦧꦕꦏ,bacaka,3,Nyk Ngayogyan New Italic
s_img_00859.png,ꦤꦤꦫ,nanara,3,Nawatura Beta
s_img_01037.png,ꦠꦮꦔꦗ,tawangaja,4,Nyk Ngayogyan Jejeg
s_img_00236.png,ꦛꦩꦕꦔꦲꦮ,thamacangahawa,6,Gumregah New FULL
s_img_00152.png,ꦛꦪꦤꦮ,thayanawa,4,AR Demak Beta
s_img_00462.png,ꦤꦥ,napa,2,Djoharuddin
s_img_01079.png,ꦒꦲꦮꦚꦫ,gahawanyara,5,Gumregah New FULL
s_img_00696.png,ꦠꦒꦢꦛꦥꦒ,tagadathapaga,6,AB Bakul
s_img_00695.png,ꦏꦏꦭ,kakala,3,AR Demak Beta
s_img_00474.png,ꦏꦮꦤꦛꦏꦤ,kawanathakana,6,Dhuwung
s_img_00934.png,ꦏꦪꦭꦱ,kayalasa,4,Nyk Ngayogyan Jejeg
s_img_00782.png,ꦗꦠꦭꦢꦲ,jataladaha,5,Nyk Ngayogyan Jejeg
s_img_00889.png,ꦝꦮꦤꦲ,dhawanaha,4,Dhuwung
s_img_00216.png,ꦭꦛꦱ,lathasa,3,Sehulbari
s_img_00770.png,ꦩꦱꦔ,masanga,3,Nyk Ngayogyan New Italic
s_img_01139.png,ꦗꦱꦔꦝ,jasangadha,4,Damarwulan
s_img_00521.png,ꦗꦩꦪꦢꦛ,jamayadatha,5,Sehulbari
s_img_00867.png,ꦒꦒꦚꦭ,gaganyala,4,Jamawi
s_img_00715.png,ꦱꦥꦚꦱꦱꦏ,sapanyasasaka,6,Nyk Ngayogyan Jejeg
s_img_00681.png,ꦪꦕꦒꦝ,yacagadha,4,New Kramawirya
s_img_00121.png,ꦭꦩꦠ,lamata,3,Dhuwung
s_img_00756.png,ꦗꦤꦥ,janapa,3,AB Wulang
s_img_00454.png,ꦮꦕꦗꦏ,wacajaka,4,Tuladha Jejeg
s_img_00342.png,ꦔꦱ,ngasa,2,Nayaka New
s_img_00544.png,ꦫꦮꦪ,rawaya,3,AB Wulang
s_img_01053.png,ꦮꦔꦲꦗꦮꦫ,wangahajawara,6,Damarwulan
s_img_00008.png,ꦧꦠꦥ,batapa,3,Nyk Ngayogyan New Italic
s_img_00970.png,ꦲꦱꦫꦗ,hasaraja,4,CARAKAN JAWA
s_img_01040.png,ꦤꦛꦒꦱꦔ,nathagasanga,5,AR Demak Beta
s_img_01046.png,ꦠꦠꦮ,tatawa,3,Tuladha Jejeg
s_img_00069.png,ꦧꦚꦗꦠꦮ,banyajatawa,5,Nawatura Beta
s_img_01180.png,ꦮꦪꦢ,wayada,3,Damarwulan
s_img_00083.png,ꦔꦫꦗꦒꦩ,ngarajagama,5,Noto Sans Javanese Regular
s_img_00074.png,ꦧꦛ,batha,2,Djoharuddin
s_img_00039.png,ꦤꦫꦥ,narapa,3,New Kramawirya
s_img_00690.png,ꦏꦭꦱꦮꦭꦢ,kalasawalada,6,Damarwulan
s_img_00704.png,ꦫꦛꦏꦚ,rathakanya,4,Nawatura Beta
s_img_00866.png,ꦗꦗꦢ,jajada,3,Sehulbari
s_img_00079.png,ꦲꦏꦢ,hakada,3,Jamawi
s_img_00311.png,ꦱꦚꦫꦫꦛ,sanyararatha,5,Damarwulan
s_img_01029.png,ꦕꦢꦧꦝꦝ,cadabadhadha,5,AB Wulang
s_img_00922.png,ꦛꦤ,thana,2,Djoharuddin
s_img_00058.png,ꦪꦒꦪꦥꦥꦗ,yagayapapaja,6,CARAKAN JAWA
s_img_00638.png,ꦔꦫꦔ,ngaranga,3,Nyk Ngayogyan New Italic
s_img_01166.png,ꦩꦛꦏꦚ,mathakanya,4,Jamawi
s_img_00171.png,ꦚꦤꦛꦤꦢꦧ,nyanathanadaba,6,CARAKAN JAWA
s_img_00186.png,ꦫꦕꦢꦥ,racadapa,4,AR Demak Beta
s_img_00913.png,ꦔꦔꦱ,ngangasa,3,Jamawi
s_img_00214.png,ꦭꦕ,laca,2,Djoharuddin
s_img_01019.png,ꦧꦒꦱꦠꦠ,bagasatata,5,CARAKAN JAWA
s_img_00999.png,ꦲꦱꦥꦝ,hasapadha,4,Jamawi
s_img_00267.png,ꦫꦱꦧꦱꦱ,rasabasasa,5,AB Bakul
s_img_00897.png,ꦠꦗꦗꦗꦏ,tajajajaka,5,Nayaka New
s_img_00949.png,ꦔꦲꦒ,ngahaga,3,Nyk Ngayogyan New Italic
s_img_00300.png,ꦩꦧꦤ,mabana,3,Noto Sans Javanese Regular
s_img_00661.png,ꦚꦥꦫꦗ,nyaparaja,4,CARAKAN JAWA
s_img_00107.png,ꦭꦩ,lama,2,AB Wulang
s_img_00995.png,ꦔꦮꦤꦛꦢ,ngawanathada,5,Gumregah New FULL
s_img_00440.png,ꦛꦭꦗꦚꦢ,thalajanyada,5,Nayaka New
s_img_00679.png,ꦭꦔꦮꦚꦝꦛ,langawanyadhatha,6,Nyk Ngayogyan New Italic
s_img_00212.png,ꦢꦒ,daga,2,AB Wulang
s_img_00850.png,ꦱꦭꦗꦥꦥ,salajapapa,5,Djoharuddin
s_img_01143.png,ꦤꦫꦗꦥ,narajapa,4,AR Demak Beta
s_img_00042.png,ꦪꦥꦩꦤ,yapamana,4,Jamawi
s_img_00304.png,ꦝꦗ,dhaja,2,AB Bakul
s_img_00341.png,ꦚꦤꦢ,nyanada,3,New Kramawirya
s_img_00340.png,ꦛꦲꦛꦪꦪ,thahathayaya,5,Nyk Ngayogyan New Italic
s_img_00116.png,ꦢꦪ,daya,2,Nyk Ngayogyan Jejeg
s_img_00237.png,ꦪꦔꦧꦚꦒꦱ,yangabanyagasa,6,Dhuwung
s_img_00924.png,ꦥꦛ,patha,2,Sehulbari
s_img_00837.png,ꦪꦲꦠꦱ,yahatasa,4,Nayaka New
s_img_00113.png,ꦛꦲꦛꦢꦚ,thahathadanya,5,Gumregah New FULL
s_img_00192.png,ꦫꦥꦫꦝꦱ,raparadhasa,5,Damarwulan
s_img_01082.png,ꦱꦮꦱꦭ,sawasala,4,Tuladha Jejeg
s_img_01031.png,ꦩꦚꦪꦗꦢ,manyayajada,5,Nyk Ngayogyan Jejeg
s_img_00202.png,ꦪꦫꦕꦭ,yaracala,4,AB Bakul
s_img_00254.png,ꦪꦭ,yala,2,Damarwulan
s_img_00144.png,ꦏꦫꦝꦩꦕꦠ,karadhamacata,6,CARAKAN JAWA
s_img_00946.png,ꦢꦔꦤꦥ,danganapa,4,Dhuwung
s_img_00516.png,ꦝꦕꦥ,dhacapa,3,AB Wulang
s_img_00461.png,ꦩꦥꦢꦲꦏ,mapadahaka,5,New Kramawirya
s_img_00700.png,ꦢꦔꦚꦩꦝꦲ,danganyamadhaha,6,Nayaka New
s_img_00232.png,ꦝꦤꦱꦗ,dhanasaja,4,Sehulbari
s_img_00193.png,ꦲꦪꦢꦝꦚ,hayadadhanya,5,New Kramawirya
s_img_00965.png,ꦢꦛꦗꦠꦏ,dathajataka,5,Damarwulan
s_img_00257.png,ꦗꦥꦒꦢ,japagada,4,Jamawi
s_img_00556.png,ꦪꦥꦤ,yapana,3,Damarwulan
s_img_00217.png,ꦤꦛꦮꦚ,nathawanya,4,Gumregah New FULL
s_img_00930.png,ꦱꦭꦝ,saladha,3,Dhuwung
s_img_00140.png,ꦔꦫꦧꦛ,ngarabatha,4,Noto Sans Javanese Regular
s_img_00174.png,ꦕꦗ,caja,2,Damarwulan
s_img_00972.png,ꦏꦒꦗꦢꦥ,kagajadapa,5,Nayaka New
s_img_00446.png,ꦧꦕꦏꦔꦫꦪ,bacakangaraya,6,Dhuwung
s_img_00823.png,ꦢꦔꦕꦚꦢ,dangacanyada,5,New Kramawirya
s_img_00390.png,ꦠꦤꦱꦒꦗ,tanasagaja,5,Damarwulan
s_img_00541.png,ꦏꦪꦛꦒꦪ,kayathagaya,5,Dhuwung
s_img_00961.png,ꦤꦩꦝꦒꦝ,namadhagadha,5,Jamawi
s_img_00099.png,ꦏꦢꦏꦗꦝ,kadakajadha,5,Nawatura Beta
s_img_00958.png,ꦝꦕꦏ,dhacaka,3,AR Demak Beta
s_img_01091.png,ꦧꦩꦧ,bamaba,3,Damarwulan
s_img_00293.png,ꦕꦢꦩ,cadama,3,AB Bakul
s_img_01100.png,ꦛꦠ,thata,2,Nawatura Beta
s_img_00215.png,ꦥꦭꦤꦱꦗ,palanasaja,5,Noto Sans Javanese Regular
s_img_00996.png,ꦫꦱꦤꦩꦠ,rasanamata,5,AB Bakul
s_img_00640.png,ꦚꦕ,nyaca,2,CARAKAN JAWA
s_img_00885.png,ꦤꦠꦚ,natanya,3,Nyk Ngayogyan New Italic
s_img_00773.png,ꦱꦮꦪꦪ,sawayaya,4,Nyk Ngayogyan New Italic
s_img_00899.png,ꦢꦝꦢꦧꦝ,dadhadabadha,5,Nyk Ngayogyan Jejeg
s_img_00273.png,ꦕꦥꦔꦝ,capangadha,4,Tuladha Jejeg
s_img_01123.png,ꦒꦝꦧꦠꦤ,gadhabatana,5,Jamawi
s_img_00747.png,ꦭꦝꦝꦤꦫ,ladhadhanara,5,Nayaka New
s_img_00343.png,ꦛꦚꦪꦝꦚꦠ,thanyayadhanyata,6,New Kramawirya
s_img_00334.png,ꦠꦕꦩꦢꦭꦮ,tacamadalawa,6,Noto Sans Javanese Regular
s_img_00381.png,ꦕꦗꦫꦩꦧ,cajaramaba,5,Noto Sans Javanese Regular
s_img_00230.png,ꦏꦤꦫꦔꦲ,kanarangaha,5,AR Demak Beta
s_img_00937.png,ꦭꦫꦠꦫ,laratara,4,Gumregah New FULL
s_img_00496.png,ꦚꦱꦫꦕ,nyasaraca,4,Gumregah New FULL
s_img_00303.png,ꦪꦏꦚ,yakanya,3,Jamawi
s_img_00822.png,ꦮꦏꦕꦔꦒ,wakacangaga,5,Tuladha Jejeg
s_img_00605.png,ꦭꦛꦗꦗꦛꦪ,lathajajathaya,6,Nyk Ngayogyan New Italic
s_img_00315.png,ꦏꦭꦝ,kaladha,3,New Kramawirya
s_img_00235.png,ꦏꦔꦔꦮ,kangangawa,4,Nyk Ngayogyan New Italic
s_img_01069.png,ꦩꦢꦮꦏ,madawaka,4,AB Bakul
s_img_01015.png,ꦕꦥꦩꦝ,capamadha,4,Dhuwung
s_img_01148.png,ꦫꦧꦛꦥꦫꦭ,rabathaparala,6,Noto Sans Javanese Regular
s_img_00816.png,ꦩꦒ,maga,2,AB Wulang
s_img_00123.png,ꦠꦪ,taya,2,Sehulbari
s_img_00698.png,ꦫꦠꦥꦢ,ratapada,4,Gumregah New FULL
s_img_00980.png,ꦧꦠꦕꦠꦫꦠ,batacatarata,6,Gumregah New FULL
s_img_00309.png,ꦱꦪꦮꦝ,sayawadha,4,Dhuwung
s_img_00518.png,ꦧꦧꦪꦛꦕ,babayathaca,5,Sehulbari
s_img_00187.png,ꦲꦝꦝꦥ,hadhadhapa,4,Nyk Ngayogyan Jejeg
s_img_00063.png,ꦥꦚꦧꦏꦠ,panyabakata,5,Noto Sans Javanese Regular
s_img_00842.png,ꦮꦱꦫꦢꦚꦛ,wasaradanyatha,6,Sehulbari
s_img_00409.png,ꦲꦛ,hatha,2,CARAKAN JAWA
s_img_00595.png,ꦔꦏꦒꦱ,ngakagasa,4,New Kramawirya
s_img_00062.png,ꦱꦝꦱꦏ,sadhasaka,4,Noto Sans Javanese Regular
s_img_01000.png,ꦥꦛꦏꦫꦛ,pathakaratha,5,Dhuwung
s_img_00927.png,ꦧꦭꦕ,balaca,3,Nyk Ngayogyan New Italic
s_img_01142.png,ꦏꦢꦝꦭꦱ,kadadhalasa,5,Nyk Ngayogyan New Italic
s_img_00206.png,ꦧꦚꦕꦭ,banyacala,4,AB Wulang
s_img_00944.png,ꦒꦫꦚꦥꦒꦏ,garanyapagaka,6,Djoharuddin
s_img_00102.png,ꦒꦢꦥꦪꦢꦝ,gadapayadadha,6,Nawatura Beta
s_img_00959.png,ꦗꦱꦝꦕ,jasadhaca,4,Sehulbari
s_img_00220.png,ꦱꦒꦕꦢꦚꦭ,sagacadanyala,6,Nayaka New
s_img_01012.png,ꦠꦩꦫꦝꦝ,tamaradhadha,5,New Kramawirya
s_img_00991.png,ꦮꦔꦫꦚꦏꦕ,wangaranyakaca,6,AB Wulang
s_img_00650.png,ꦗꦝꦕꦤꦫꦥ,jadhacanarapa,6,Sehulbari
s_img_00659.png,ꦪꦫꦪꦝꦫꦛ,yarayadharatha,6,Gumregah New FULL
s_img_00329.png,ꦥꦤ,pana,2,Dhuwung
s_img_00754.png,ꦮꦧꦲꦮ,wabahawa,4,Nawatura Beta
s_img_00072.png,ꦭꦲꦗꦔꦭ,lahajangala,5,AB Wulang
s_img_00929.png,ꦪꦲꦚꦮꦩꦚ,yahanyawamanya,6,Tuladha Jejeg
s_img_01042.png,ꦚꦛꦱꦢ,nyathasada,4,Dhuwung
s_img_00104.png,ꦗꦚꦢꦥꦮꦠ,janyadapawata,6,Tuladha Jejeg
s_img_00546.png,ꦏꦕꦗꦪꦒ,kacajayaga,5,Damarwulan
s_img_00824.png,ꦔꦮꦕ,ngawaca,3,Nayaka New
s_img_00162.png,ꦱꦩꦮꦛꦤꦝ,samawathanadha,6,Tuladha Jejeg
s_img_00648.png,ꦱꦤꦤ,sanana,3,Djoharuddin
s_img_00465.png,ꦚꦔꦥꦧꦝ,nyangapabadha,5,Gumregah New FULL
s_img_00249.png,ꦱꦩ,sama,2,Nawatura Beta
s_img_00653.png,ꦩꦤ,mana,2,Nayaka New
s_img_01064.png,ꦚꦪꦚꦫꦥ,nyayanyarapa,5,CARAKAN JAWA
s_img_00915.png,ꦠꦱ,tasa,2,AR Demak Beta
s_img_00569.png,ꦗꦔꦩꦤꦒꦏ,jangamanagaka,6,AB Wulang
s_img_01179.png,ꦔꦤꦔ,ngananga,3,Nawatura Beta
s_img_00537.png,ꦫꦗꦩꦫꦛꦪ,rajamarathaya,6,AR Demak Beta
s_img_00224.png,ꦫꦒꦛꦲ,ragathaha,4,New Kramawirya
s_img_00830.png,ꦝꦝꦫꦒꦝ,dhadharagadha,5,Nayaka New
s_img_00195.png,ꦲꦧꦮꦏꦒ,habawakaga,5,AB Wulang
s_img_00172.png,ꦢꦱꦱꦲꦢ,dasasahada,5,Dhuwung
s_img_00314.png,ꦧꦪ,baya,2,Djoharuddin
s_img_01117.png,ꦔꦢꦮꦫꦮꦭ,ngadawarawala,6,New Kramawirya
s_img_00706.png,ꦔꦏ,ngaka,2,AB Wulang
s_img_00710.png,ꦝꦭꦭꦠ,dhalalata,4,AB Wulang
s_img_00234.png,ꦏꦥꦛꦔꦝꦏ,kapathangadhaka,6,Tuladha Jejeg
s_img_00870.png,ꦝꦗꦩꦔꦭ,dhajamangala,5,Tuladha Jejeg
s_img_01063.png,ꦚꦝꦫꦛ,nyadharatha,4,Nyk Ngayogyan Jejeg
s_img_00916.png,ꦕꦪꦒꦱ,cayagasa,4,Nyk Ngayogyan New Italic
s_img_01065.png,ꦗꦤꦲ,janaha,3,Djoharuddin
s_img_00697.png,ꦩꦥ,mapa,2,Noto Sans Javanese Regular
s_img_00194.png,ꦏꦏꦠ,kakata,3,Noto Sans Javanese Regular
s_img_00291.png,ꦠꦤꦤꦪ,tananaya,4,New Kramawirya
s_img_00292.png,ꦫꦗꦕꦠꦒ,rajacataga,5,AB Bakul
s_img_00306.png,ꦔꦔꦫꦝꦫꦗ,ngangaradharaja,6,AB Wulang
s_img_00317.png,ꦗꦧꦭꦢ,jabalada,4,Damarwulan
s_img_01032.png,ꦫꦤꦭꦚ,ranalanya,4,Gumregah New FULL
s_img_00967.png,ꦝꦚ,dhanya,2,Noto Sans Javanese Regular
s_img_00668.png,ꦮꦢ,wada,2,Sehulbari
s_img_00936.png,ꦛꦥꦠꦧ,thapataba,4,AB Wulang
s_img_00791.png,ꦏꦱꦔꦗ,kasangaja,4,Sehulbari
s_img_00354.png,ꦝꦱꦠꦮꦔꦏ,dhasatawangaka,6,Nayaka New
s_img_00076.png,ꦥꦩꦩ,pamama,3,Jamawi
s_img_00776.png,ꦱꦮꦭꦢ,sawalada,4,Sehulbari
s_img_01159.png,ꦧꦗꦧꦫꦮ,bajabarawa,5,AR Demak Beta
s_img_00160.png,ꦢꦠꦮꦗꦝ,datawajadha,5,Noto Sans Javanese Regular
s_img_00729.png,ꦢꦏꦏꦔ,dakakanga,4,Djoharuddin
s_img_01136.png,ꦱꦒꦢꦪꦪ,sagadayaya,5,New Kramawirya
s_img_00431.png,ꦚꦥꦮꦢꦭ,nyapawadala,5,New Kramawirya
s_img_00671.png,ꦠꦗꦠꦫꦕꦪ,tajataracaya,6,Damarwulan
s_img_00077.png,ꦕꦮꦝ,cawadha,3,Nyk Ngayogyan Jejeg
s_img_00724.png,ꦕꦛꦏ,cathaka,3,Damarwulan
s_img_00221.png,ꦩꦏꦱꦤ,makasana,4,Nawatura Beta
s_img_00911.png,ꦛꦩ,thama,2,Nawatura Beta
s_img_01002.png,ꦚꦗꦪꦩ,nyajayama,4,Dhuwung
s_img_00880.png,ꦤꦠꦭꦏ,natalaka,4,Nyk Ngayogyan New Italic
s_img_01025.png,ꦧꦪꦱ,bayasa,3,Jamawi
s_img_00395.png,ꦛꦛꦥꦗꦕꦏ,thathapajacaka,6,Damarwulan
s_img_00945.png,ꦫꦧ,raba,2,Nayaka New
s_img_00412.png,ꦪꦥꦛꦔꦕꦫ,yapathangacara,6,Djoharuddin
s_img_00712.png,ꦤꦔꦢ,nangada,3,Tuladha Jejeg
s_img_00294.png,ꦫꦲꦔꦫꦏꦲ,rahangarakaha,6,Nayaka New
s_img_00620.png,ꦕꦫꦛꦧꦧ,carathababa,5,Nawatura Beta
s_img_00025.png,ꦕꦮꦠꦛꦢꦲ,cawatathadaha,6,Nawatura Beta
s_img_00258.png,ꦠꦥꦪꦲꦱ,tapayahasa,5,Noto Sans Javanese Regular
s_img_00809.png,ꦗꦚꦔ,janyanga,3,Nyk Ngayogyan New Italic
s_img_00407.png,ꦔꦏꦗ,ngakaja,3,AB Wulang
s_img_00432.png,ꦪꦩꦗꦫ,yamajara,4,Noto Sans Javanese Regular
s_img_00138.png,ꦚꦫꦠꦲꦢꦏ,nyaratahadaka,6,AB Bakul
s_img_00825.png,ꦲꦲꦒꦲꦔ,hahagahanga,5,Dhuwung
s_img_01107.png,ꦛꦱꦔꦒꦗ,thasangagaja,5,Djoharuddin
s_img_00352.png,ꦠꦧ,taba,2,AB Wulang
s_img_00415.png,ꦫꦒꦠꦲꦮ,ragatahawa,5,Dhuwung
s_img_00744.png,ꦠꦪꦮꦮꦝ,tayawawadha,5,Dhuwung
s_img_00645.png,ꦥꦧꦧꦗꦛ,pababajatha,5,Tuladha Jejeg
s_img_00714.png,ꦠꦛ,tatha,2,Dhuwung
s_img_00901.png,ꦢꦛꦱ,dathasa,3,CARAKAN JAWA
s_img_00136.png,ꦠꦱꦕ,tasaca,3,Jamawi
s_img_00600.png,ꦪꦲꦕꦒ,yahacaga,4,AB Bakul
s_img_00242.png,ꦲꦥꦮ,hapawa,3,Nyk Ngayogyan New Italic
s_img_00457.png,ꦮꦥꦒꦏꦒꦠ,wapagakagata,6,Sehulbari
s_img_00974.png,ꦥꦒꦲꦩ,pagahama,4,Djoharuddin
s_img_00021.png,ꦮꦚ,wanya,2,Noto Sans Javanese Regular
s_img_00139.png,ꦕꦗꦪꦮꦕ,cajayawaca,5,Jamawi
s_img_00359.png,ꦫꦗꦕꦩꦏ,rajacamaka,5,Damarwulan
s_img_00088.png,ꦭꦏꦪꦥꦭ,lakayapala,5,Noto Sans Javanese Regular
s_img_00497.png,ꦥꦮ,pawa,2,AB Bakul
s_img_00451.png,ꦠꦪꦥꦏ,tayapaka,4,Damarwulan
s_img_00203.png,ꦱꦲꦏꦤ,sahakana,4,Damarwulan
s_img_00663.png,ꦝꦏ,dhaka,2,Nyk Ngayogyan New Italic
s_img_00252.png,ꦩꦝ,madha,2,New Kramawirya
s_img_00248.png,ꦒꦥꦩꦢꦱ,gapamadasa,5,AR Demak Beta
s_img_00495.png,ꦛꦚꦱꦮ,thanyasawa,4,Nyk Ngayogyan Jejeg
s_img_00177.png,ꦧꦫꦫꦤꦤ,bararanana,5,Sehulbari
s_img_00135.png,ꦏꦧꦔ,kabanga,3,AB Bakul
s_img_00652.png,ꦲꦭꦒꦝꦛꦒ,halagadhathaga,6,Nayaka New
s_img_01190.png,ꦛꦚꦠ,thanyata,3,Noto Sans Javanese Regular
s_img_00702.png,ꦚꦠꦠꦫ,nyatatara,4,Damarwulan
s_img_00483.png,ꦧꦲꦗ,bahaja,3,Noto Sans Javanese Regular
s_img_00031.png,ꦲꦮꦱꦚ,hawasanya,4,Nawatura Beta
s_img_00735.png,ꦠꦤꦛꦕꦛꦏ,tanathacathaka,6,New Kramawirya
s_img_00491.png,ꦲꦒꦥ,hagapa,3,Nawatura Beta
s_img_00071.png,ꦮꦢꦫꦩꦢ,wadaramada,5,AB Wulang
s_img_00253.png,ꦠꦫꦭꦏꦒꦕ,taralakagaca,6,Nayaka New
s_img_00563.png,ꦢꦝꦩ,dadhama,3,AB Bakul
s_img_00055.png,ꦚꦢꦪꦢꦩꦚ,nyadayadamanya,6,Gumregah New FULL
s_img_01097.png,ꦠꦭꦩꦕꦪꦢ,talamacayada,6,Nawatura Beta
s_img_01106.png,ꦚꦮ,nyawa,2,Dhuwung
s_img_00637.png,ꦏꦕꦫꦥꦝ,kacarapadha,5,Nawatura Beta
s_img_00275.png,ꦭꦫꦕꦪꦭ,laracayala,5,Gumregah New FULL
s_img_00424.png,ꦗꦥꦩꦏꦢ,japamakada,5,Damarwulan
s_img_00865.png,ꦱꦤꦕꦥ,sanacapa,4,AR Demak Beta
s_img_00682.png,ꦲꦔꦝꦗꦠ,hangadhajata,5,Damarwulan
s_img_01075.png,ꦠꦝꦫ,tadhara,3,Damarwulan
s_img_00438.png,ꦛꦛꦱꦧꦢ,thathasabada,5,Gumregah New FULL
s_img_01191.png,ꦗꦫꦏꦪꦮꦢ,jarakayawada,6,AR Demak Beta
s_img_00713.png,ꦤꦫꦫꦢꦏꦚ,nararadakanya,6,New Kramawirya
s_img_00360.png,ꦤꦩ,nama,2,Tuladha Jejeg
s_img_01127.png,ꦮꦥꦗꦚ,wapajanya,4,Damarwulan
s_img_00849.png,ꦠꦚꦝꦫꦢ,tanyadharada,5,Nawatura Beta
s_img_00993.png,ꦔꦥ,ngapa,2,Damarwulan
s_img_00091.png,ꦔꦪ,ngaya,2,Damarwulan
s_img_00486.png,ꦒꦥꦩ,gapama,3,Tuladha Jejeg
s_img_00525.png,ꦔꦤꦥꦩꦏꦥ,nganapamakapa,6,Nawatura Beta
s_img_00393.png,ꦛꦢ,thada,2,AR Demak Beta
s_img_00585.png,ꦥꦔꦥ,pangapa,3,Nyk Ngayogyan Jejeg
s_img_00753.png,ꦭꦤꦪꦗ,lanayaja,4,Nyk Ngayogyan New Italic
s_img_00377.png,ꦲꦝ,hadha,2,Nyk Ngayogyan Jejeg
s_img_00528.png,ꦒꦲꦔ,gahanga,3,CARAKAN JAWA
s_img_00685.png,ꦲꦕꦥꦲ,hacapaha,4,AB Wulang
s_img_00312.png,ꦒꦧꦢ,gabada,3,AR Demak Beta
s_img_00279.png,ꦫꦒ,raga,2,Gumregah New FULL
s_img_00813.png,ꦠꦗꦥꦏꦝ,tajapakadha,5,Gumregah New FULL
s_img_00060.png,ꦔꦮ,ngawa,2,Jamawi
s_img_00799.png,ꦚꦠꦮ,nyatawa,3,Gumregah New FULL
s_img_00487.png,ꦏꦧ,kaba,2,Tuladha Jejeg
s_img_01128.png,ꦛꦢꦕꦠ,thadacata,4,Dhuwung
s_img_00790.png,ꦚꦔꦢ,nyangada,3,Tuladha Jejeg
s_img_00133.png,ꦕꦠ,cata,2,Damarwulan
s_img_00794.png,ꦩꦪꦪ,mayaya,3,Nayaka New
s_img_00838.png,ꦢꦭꦱꦗꦩ,dalasajama,5,CARAKAN JAWA
s_img_00506.png,ꦲꦧ,haba,2,CARAKAN JAWA
s_img_00742.png,ꦠꦤꦠꦗ,tanataja,4,Sehulbari
s_img_00467.png,ꦥꦗꦝꦲ,pajadhaha,4,AB Wulang
s_img_00100.png,ꦢꦥꦢꦢꦧꦒ,dapadadabaga,6,Nawatura Beta
s_img_01087.png,ꦛꦝꦔꦭꦭ,thadhangalala,5,New Kramawirya
s_img_00198.png,ꦲꦲꦲꦒ,hahahaga,4,CARAKAN JAWA
s_img_00322.png,ꦥꦝꦩꦛ,padhamatha,4,Jamawi
s_img_01021.png,ꦮꦕꦒ,wacaga,3,Nawatura Beta
s_img_01149.png,ꦒꦲꦠ,gahata,3,Nayaka New
s_img_00819.png,ꦱꦪꦫꦢꦭꦱ,sayaradalasa,6,Nyk Ngayogyan Jejeg
s_img_00726.png,ꦱꦔ,sanga,2,Nyk Ngayogyan Jejeg
s_img_00855.png,ꦱꦗꦒꦥꦒ,sajagapaga,5,Djoharuddin
s_img_00226.png,ꦪꦪꦲꦱ,yayahasa,4,Tuladha Jejeg
s_img_00635.png,ꦠꦒꦢꦔꦲ,tagadangaha,5,Tuladha Jejeg
s_img_01170.png,ꦢꦪꦗꦛ,dayajatha,4,Nyk Ngayogyan New Italic
s_img_00586.png,ꦱꦫꦥꦕꦩ,sarapacama,5,Noto Sans Javanese Regular
s_img_00026.png,ꦲꦮꦠꦔ,hawatanga,4,Tuladha Jejeg
s_img_00665.png,ꦤꦒꦮꦮꦔꦢ,nagawawangada,6,AB Wulang
s_img_00906.png,ꦭꦔꦧꦮꦩꦥ,langabawamapa,6,Damarwulan
s_img_00759.png,ꦭꦕꦥꦤꦮꦭ,lacapanawala,6,Tuladha Jejeg
s_img_00219.png,ꦪꦥꦛ,yapatha,3,AR Demak Beta
s_img_00923.png,ꦗꦚꦛꦤꦫꦚ,janyathanaranya,6,Jamawi
s_img_00534.png,ꦲꦝꦭ,hadhala,3,AR Demak Beta
s_img_01133.png,ꦚꦲꦠ,nyahata,3,Noto Sans Javanese Regular
s_img_01147.png,ꦝꦒꦔꦏꦏ,dhagangakaka,5,CARAKAN JAWA
s_img_00000.png,ꦕꦫꦩꦗꦮ,caramajawa,5,Nayaka New
s_img_00145.png,ꦱꦝꦔꦢꦪꦗ,sadhangadayaja,6,Sehulbari
s_img_00338.png,ꦪꦝ,yadha,2,Dhuwung
s_img_00022.png,ꦮꦪꦗ,wayaja,3,Sehulbari
s_img_01023.png,ꦱꦝꦛ,sadhatha,3,Gumregah New FULL
s_img_00346.png,ꦥꦩꦛꦧ,pamathaba,4,Sehulbari
s_img_00628.png,ꦭꦲꦭꦫꦧ,lahalaraba,5,Nayaka New
s_img_00763.png,ꦢꦠꦢ,datada,3,Nayaka New
s_img_00699.png,ꦫꦚꦫ,ranyara,3,New Kramawirya
s_img_00011.png,ꦢꦫ,dara,2,Jamawi
s_img_01007.png,ꦥꦛꦕꦝꦲ,pathacadhaha,5,Nyk Ngayogyan Jejeg
s_img_00158.png,ꦝꦤꦪꦥꦒꦛ,dhanayapagatha,6,Djoharuddin
s_img_01116.png,ꦢꦲꦒ,dahaga,3,Gumregah New FULL
s_img_00739.png,ꦗꦕꦧꦝꦤ,jacabadhana,5,Nawatura Beta
s_img_00256.png,ꦗꦱꦏꦫ,jasakara,4,AR Demak Beta
s_img_00422.png,ꦩꦩꦩꦚꦮꦕ,mamamanyawaca,6,Nyk Ngayogyan New Italic
s_img_00689.png,ꦢꦗꦲꦚꦱ,dajahanyasa,5,Gumregah New FULL
s_img_00893.png,ꦢꦗꦏ,dajaka,3,Djoharuddin
s_img_00046.png,ꦗꦱꦗꦝꦫꦥ,jasajadharapa,6,Nayaka New
s_img_00508.png,ꦱꦛ,satha,2,Djoharuddin
s_img_00459.png,ꦭꦲꦠ,lahata,3,Sehulbari
s_img_00479.png,ꦔꦢ,ngada,2,Tuladha Jejeg
s_img_00297.png,ꦢꦲꦔꦚꦱꦩ,dahanganyasama,6,New Kramawirya
s_img_00509.png,ꦝꦢ,dhada,2,Gumregah New FULL
s_img_00657.png,ꦠꦭꦒꦛ,talagatha,4,AB Wulang
s_img_00179.png,ꦲꦛꦕꦒ,hathacaga,4,AB Wulang
s_img_00510.png,ꦱꦢꦲꦢ,sadahada,4,AR Demak Beta
s_img_00720.png,ꦤꦫꦔꦤꦛ,naranganatha,5,Gumregah New FULL
s_img_00208.png,ꦚꦒ,nyaga,2,Jamawi
s_img_00814.png,ꦔꦭꦫꦭꦛꦭ,ngalaralathala,6,Nyk Ngayogyan Jejeg
s_img_00218.png,ꦛꦪꦢꦭ,thayadala,4,Tuladha Jejeg
s_img_01111.png,ꦪꦝꦤꦛꦤ,yadhanathana,5,Djoharuddin
s_img_00910.png,ꦱꦕꦛꦫꦠꦢ,sacatharatada,6,Nayaka New
s_img_00545.png,ꦒꦗꦩꦩ,gajamama,4,AR Demak Beta
s_img_00151.png,ꦧꦥꦝ,bapadha,3,Djoharuddin
s_img_00584.png,ꦧꦔꦮꦤꦔ,bangawananga,5,Noto Sans Javanese Regular
s_img_00746.png,ꦔꦧꦪꦠꦱ,ngabayatasa,5,Nyk Ngayogyan New Italic
s_img_00285.png,ꦏꦏ,kaka,2,Djoharuddin
s_img_00641.png,ꦲꦫ,hara,2,AR Demak Beta
s_img_00796.png,ꦱꦕꦕꦕ,sacacaca,4,Djoharuddin
s_img_00687.png,ꦥꦝꦗ,padhaja,3,Nawatura Beta
s_img_00127.png,ꦚꦤꦕ,nyanaca,3,New Kramawirya
s_img_00678.png,ꦤꦗꦪꦫꦱ,najayarasa,5,Noto Sans Javanese Regular
s_img_00052.png,ꦩꦤꦢꦕꦕ,manadacaca,5,Nawatura Beta
s_img_00978.png,ꦲꦱꦗꦤꦤ,hasajanana,5,Damarwulan
s_img_01039.png,ꦥꦮꦪꦩ,pawayama,4,Nyk Ngayogyan New Italic
s_img_00044.png,ꦏꦠꦒꦒꦫꦩ,katagagarama,6,Noto Sans Javanese Regular
s_img_00227.png,ꦕꦢꦝꦲ,cadadhaha,4,Noto Sans Javanese Regular
s_img_01026.png,ꦭꦛꦝ,lathadha,3,CARAKAN JAWA
s_img_00561.png,ꦧꦩꦩꦲꦏ,bamamahaka,5,Damarwulan
s_img_00006.png,ꦤꦫꦚꦱꦲ,naranyasaha,5,Dhuwung
s_img_00871.png,ꦲꦲꦠꦤ,hahatana,4,Nayaka New
s_img_00316.png,ꦫꦭ,rala,2,Jamawi
s_img_00423.png,ꦗꦢꦮꦕꦤ,jadawacana,5,AB Bakul
s_img_00199.png,ꦚꦥꦚ,nyapanya,3,Jamawi
s_img_01059.png,ꦢꦲꦠꦱ,dahatasa,4,Djoharuddin
s_img_00542.png,ꦛꦪꦛꦒꦕꦗ,thayathagacaja,6,Sehulbari
s_img_00532.png,ꦩꦠꦪꦒ,matayaga,4,Nyk Ngayogyan Jejeg
s_img_01049.png,ꦩꦕꦏ,macaka,3,Noto Sans Javanese Regular
s_img_00170.png,ꦲꦒꦚꦥꦤ,haganyapana,5,AB Wulang
s_img_01124.png,ꦭꦫꦲ,laraha,3,Gumregah New FULL
s_img_00683.png,ꦪꦥꦩꦫ,yapamara,4,Nayaka New
s_img_00564.png,ꦱꦕ,saca,2,Nawatura Beta
s_img_00164.png,ꦛꦭꦝꦩ,thaladhama,4,Damarwulan
s_img_01192.png,ꦧꦭꦏꦚ,balakanya,4,Nayaka New
s_img_00786.png,ꦚꦥꦢꦫꦲꦕ,nyapadarahaca,6,Nyk Ngayogyan New Italic
s_img_00670.png,ꦲꦪꦢꦲꦏ,hayadahaka,5,Djoharuddin
s_img_00032.png,ꦠꦥ,tapa,2,Nyk Ngayogyan New Italic
s_img_00271.png,ꦧꦥꦚꦥ,bapanyapa,4,AB Wulang
s_img_01084.png,ꦩꦩꦪꦪꦝ,mamayayadha,5,Djoharuddin
s_img_00119.png,ꦝꦮꦛꦩ,dhawathama,4,Djoharuddin
s_img_01088.png,ꦛꦩꦚꦫꦥꦭ,thamanyarapala,6,Nyk Ngayogyan Jejeg
s_img_00313.png,ꦮꦲ,waha,2,Sehulbari
s_img_00800.png,ꦠꦕꦏꦲꦗꦩ,tacakahajama,6,AB Bakul
s_img_00247.png,ꦝꦕꦝ,dhacadha,3,Sehulbari
s_img_00397.png,ꦛꦭꦧꦢꦕ,thalabadaca,5,AR Demak Beta
s_img_00333.png,ꦝꦭꦱꦩꦠ,dhalasamata,5,Noto Sans Javanese Regular
s_img_01008.png,ꦚꦲꦠꦪꦏꦤ,nyahatayakana,6,Djoharuddin
s_img_00280.png,ꦠꦝꦮꦩꦤꦠ,tadhawamanata,6,AR Demak Beta
s_img_01062.png,ꦱꦭꦢꦲ,saladaha,4,Nyk Ngayogyan Jejeg
s_img_00476.png,ꦕꦫꦲꦫꦠꦤ,caraharatana,6,AB Wulang
s_img_00184.png,ꦥꦮꦩꦲꦤꦢ,pawamahanada,6,AB Bakul
s_img_00982.png,ꦏꦩꦢꦥ,kamadapa,4,Djoharuddin
s_img_00900.png,ꦗꦲꦏꦏꦗ,jahakakaja,5,Gumregah New FULL
s_img_00261.png,ꦚꦔꦚꦠ,nyanganyata,4,Damarwulan
s_img_00565.png,ꦧꦛꦥ,bathapa,3,Gumregah New FULL
s_img_00852.png,ꦩꦠꦛ,matatha,3,Dhuwung
s_img_00755.png,ꦗꦪꦤ,jayana,3,Dhuwung
s_img_01153.png,ꦠꦫꦫꦪꦮ,tararayawa,5,AB Wulang
s_img_01161.png,ꦒꦤꦕ,ganaca,3,Nyk Ngayogyan Jejeg
s_img_00057.png,ꦗꦥꦭꦪ,japalaya,4,AB Bakul
s_img_01110.png,ꦧꦫꦏꦝꦕ,barakadhaca,5,Dhuwung
s_img_00344.png,ꦩꦮꦮꦗꦩꦫ,mawawajamara,6,Noto Sans Javanese Regular
s_img_00962.png,ꦩꦠꦗꦪꦚꦏ,matajayanyaka,6,AR Demak Beta
s_img_00688.png,ꦫꦔꦤꦗꦭꦢ,ranganajalada,6,New Kramawirya
s_img_00159.png,ꦱꦚꦤꦛ,sanyanatha,4,Nawatura Beta
s_img_00883.png,ꦮꦤꦱꦩꦠ,wanasamata,5,CARAKAN JAWA
s_img_00484.png,ꦮꦝꦥ,wadhapa,3,Tuladha Jejeg
s_img_00024.png,ꦠꦛꦒ,tathaga,3,Noto Sans Javanese Regular
s_img_00909.png,ꦥꦔꦧꦭꦛꦧ,pangabalathaba,6,Nawatura Beta
s_img_01119.png,ꦧꦠꦫꦕ,bataraca,4,Tuladha Jejeg
s_img_01044.png,ꦫꦪꦏꦭꦧ,rayakalaba,5,Damarwulan
s_img_00056.png,ꦠꦗꦧꦒ,tajabaga,4,CARAKAN JAWA
s_img_00040.png,ꦗꦤ,jana,2,Noto Sans Javanese Regular
s_img_00606.png,ꦩꦏꦝꦕ,makadhaca,4,CARAKAN JAWA
s_img_00262.png,ꦮꦔꦥꦪ,wangapaya,4,CARAKAN JAWA
s_img_00581.png,ꦪꦫꦔꦚꦝ,yaranganyadha,5,Sehulbari
s_img_00642.png,ꦒꦢꦒ,gadaga,3,New Kramawirya
s_img_00272.png,ꦫꦩ,rama,2,AB Wulang
s_img_00048.png,ꦮꦛꦚꦔ,wathanyanga,4,AB Bakul
s_img_00784.png,ꦕꦏꦕꦚꦩꦏ,cakacanyamaka,6,New Kramawirya
s_img_00448.png,ꦠꦏꦢ,takada,3,Jamawi
s_img_00751.png,ꦱꦮꦢꦗꦝꦲ,sawadajadhaha,6,Dhuwung
s_img_00836.png,ꦪꦏ,yaka,2,Nyk Ngayogyan New Italic
s_img_01041.png,ꦗꦔꦝꦮ,jangadhawa,4,Dhuwung
s_img_01006.png,ꦢꦢꦫꦧꦏ,dadarabaka,5,Nawatura Beta
s_img_00125.png,ꦕꦕꦒꦛ,cacagatha,4,Gumregah New FULL
s_img_01077.png,ꦢꦒꦪꦗꦮꦢ,dagayajawada,6,AR Demak Beta
s_img_00615.png,ꦠꦢꦱ,tadasa,3,AR Demak Beta
s_img_00597.png,ꦔꦤꦫꦛ,nganaratha,4,Noto Sans Javanese Regular
s_img_00548.png,ꦕꦮꦔꦩꦛꦝ,cawangamathadha,6,AB Wulang
s_img_01105.png,ꦧꦒꦱꦲ,bagasaha,4,Tuladha Jejeg
s_img_00005.png,ꦥꦤꦛꦛꦮꦥ,panathathawapa,6,Jamawi
s_img_00087.png,ꦚꦢꦒꦚꦭ,nyadaganyala,5,AR Demak Beta
s_img_00167.png,ꦛꦪ,thaya,2,Nyk Ngayogyan Jejeg
s_img_00925.png,ꦔꦛꦔꦠ,ngathangata,4,AB Bakul
s_img_00061.png,ꦤꦔꦚꦚ,nanganyanya,4,Dhuwung
s_img_00196.png,ꦕꦧꦝꦤꦕꦠ,cabadhanacata,6,Tuladha Jejeg
s_img_00839.png,ꦪꦒꦪꦲ,yagayaha,4,AB Bakul
s_img_00815.png,ꦚꦠꦔꦚꦗꦛ,nyatanganyajatha,6,Nyk Ngayogyan Jejeg
s_img_01051.png,ꦚꦝꦝ,nyadhadha,3,Tuladha Jejeg
s_img_00558.png,ꦚꦕꦝꦗꦪ,nyacadhajaya,5,New Kramawirya
s_img_00879.png,ꦱꦝꦛꦥꦭ,sadhathapala,5,Damarwulan
s_img_00041.png,ꦏꦗ,kaja,2,Dhuwung
s_img_00082.png,ꦛꦤꦔꦮꦕ,thanangawaca,5,AR Demak Beta
s_img_00485.png,ꦚꦩꦕ,nyamaca,3,New Kramawirya
s_img_00433.png,ꦥꦪ,paya,2,Gumregah New FULL
s_img_01173.png,ꦏꦢꦩꦤ,kadamana,4,Nayaka New
s_img_00372.png,ꦏꦪꦤꦚ,kayananya,4,Nayaka New
s_img_00554.png,ꦏꦚꦪꦔ,kanyayanga,4,Dhuwung
s_img_00863.png,ꦕꦕꦢ,cacada,3,AR Demak Beta
s_img_00502.png,ꦠꦕ,taca,2,Gumregah New FULL
s_img_00797.png,ꦲꦒꦛꦏꦝ,hagathakadha,5,AB Wulang
s_img_00547.png,ꦪꦠꦧꦫꦧ,yatabaraba,5,Tuladha Jejeg
s_img_00872.png,ꦤꦒꦫꦪ,nagaraya,4,AB Bakul
s_img_00111.png,ꦧꦱꦔꦱ,basangasa,4,Jamawi
s_img_01047.png,ꦗꦪꦩꦒꦧ,jayamagaba,5,Nawatura Beta
s_img_00269.png,ꦠꦒ,taga,2,Nyk Ngayogyan Jejeg
s_img_00015.png,ꦭꦭꦲꦪꦱꦏ,lalahayasaka,6,Damarwulan
s_img_01131.png,ꦫꦥꦲꦏꦠ,rapahakata,5,AR Demak Beta
s_img_01081.png,ꦱꦭꦮꦭ,salawala,4,Dhuwung
s_img_00033.png,ꦒꦠꦚ,gatanya,3,Nayaka New
s_img_00155.png,ꦔꦚ,nganya,2,New Kramawirya
s_img_00287.png,ꦤꦕꦛ,nacatha,3,Nayaka New
s_img_00612.png,ꦥꦠꦲ,pataha,3,New Kramawirya
s_img_00153.png,ꦛꦱꦥꦔ,thasapanga,4,AR Demak Beta
s_img_00051.png,ꦲꦥꦛꦫꦏꦥ,hapatharakapa,6,New Kramawirya
s_img_00429.png,ꦤꦩꦮꦧꦲꦠ,namawabahata,6,New Kramawirya
s_img_00348.png,ꦫꦥꦭꦚꦛ,rapalanyatha,5,CARAKAN JAWA
s_img_00166.png,ꦚꦲꦗꦧꦏꦩ,nyahajabakama,6,Jamawi
s_img_00593.png,ꦒꦤꦗꦱꦚ,ganajasanya,5,AB Wulang
s_img_01066.png,ꦠꦭꦝꦢ,taladhada,4,CARAKAN JAWA
s_img_01154.png,ꦪꦗꦩꦧ,yajamaba,4,Dhuwung
s_img_00523.png,ꦔꦭꦮ,ngalawa,3,Tuladha Jejeg
s_img_00068.png,ꦒꦕꦤ,gacana,3,AB Bakul
s_img_00332.png,ꦢꦲ,daha,2,Gumregah New FULL
s_img_00276.png,ꦪꦤꦤꦗꦲ,yananajaha,5,Damarwulan
s_img_00365.png,ꦏꦩ,kama,2,Dhuwung
s_img_00455.png,ꦫꦛꦱꦛꦠꦧ,rathasathataba,6,Gumregah New FULL
s_img_00535.png,ꦪꦔꦔꦱ,yangangasa,4,Sehulbari
s_img_01030.png,ꦕꦪꦲꦮꦏ,cayahawaka,5,Nawatura Beta
s_img_00207.png,ꦫꦱꦤ,rasana,3,CARAKAN JAWA
s_img_00686.png,ꦗꦝꦪꦏꦗ,jadhayakaja,5,Nyk Ngayogyan New Italic
s_img_00361.png,ꦚꦧꦥ,nyabapa,3,Noto Sans Javanese Regular
s_img_00625.png,ꦚꦲꦠꦧꦕ,nyahatabaca,5,Nayaka New
s_img_00014.png,ꦤꦧꦔ,nabanga,3,Gumregah New FULL
s_img_00655.png,ꦭꦤꦤꦕ,lananaca,4,AR Demak Beta
s_img_00331.png,ꦩꦔꦠꦛꦒ,mangatathaga,5,AB Wulang
s_img_00109.png,ꦭꦝꦢꦗꦮꦚ,ladhadajawanya,6,Nyk Ngayogyan New Italic
s_img_00979.png,ꦮꦔꦝꦢꦢꦮ,wangadhadadawa,6,AB Bakul
s_img_01130.png,ꦧꦛꦔꦝꦠ,bathangadhata,5,Sehulbari
s_img_01138.png,ꦝꦤꦭꦝꦲ,dhanaladhaha,5,Damarwulan
s_img_00957.png,ꦤꦧꦏꦏꦮꦢ,nabakakawada,6,AB Bakul
s_img_00793.png,ꦢꦕꦤꦒꦭ,dacanagala,5,Sehulbari
s_img_00527.png,ꦔꦩꦠ,ngamata,3,AB Wulang
s_img_00482.png,ꦝꦭꦧꦲꦮ,dhalabahawa,5,Nayaka New
s_img_00274.png,ꦱꦪꦱꦮ,sayasawa,4,Jamawi
s_img_01171.png,ꦫꦝꦏ,radhaka,3,Sehulbari
s_img_00244.png,ꦧꦫꦫꦩꦒꦭ,bararamagala,6,Sehulbari
s_img_00339.png,ꦕꦪ,caya,2,Gumregah New FULL
s_img_00669.png,ꦔꦥꦢꦚꦝꦛ,ngapadanyadhatha,6,Sehulbari
s_img_00611.png,ꦱꦠꦝꦮꦒꦛ,satadhawagatha,6,CARAKAN JAWA
s_img_00494.png,ꦕꦛꦏꦤꦲꦏ,cathakanahaka,6,Djoharuddin
s_img_01024.png,ꦮꦪꦕꦪꦮꦤ,wayacayawana,6,Djoharuddin
s_img_00463.png,ꦔꦝꦮꦮ,ngadhawawa,4,Sehulbari
s_img_01135.png,ꦱꦭꦏꦪꦪꦭ,salakayayala,6,Nayaka New
s_img_00997.png,ꦲꦝꦒ,hadhaga,3,Nyk Ngayogyan New Italic
s_img_01004.png,ꦱꦠꦭꦗ,satalaja,4,Jamawi
s_img_00169.png,ꦩꦲꦱꦔꦗꦔ,mahasangajanga,6,Dhuwung
s_img_00350.png,ꦫꦠꦚꦮꦮꦫ,ratanyawawara,6,AR Demak Beta
s_img_00636.png,ꦢꦮꦢꦛ,dawadatha,4,Tuladha Jejeg
s_img_00760.png,ꦚꦔꦢꦲꦭꦝ,nyangadahaladha,6,Nawatura Beta
s_img_00288.png,ꦱꦩꦱꦭ,samasala,4,Damarwulan
s_img_00178.png,ꦠꦮꦛ,tawatha,3,Nyk Ngayogyan New Italic
s_img_01011.png,ꦝꦔꦔ,dhanganga,3,CARAKAN JAWA
s_img_00848.png,ꦤꦛ,natha,2,CARAKAN JAWA
s_img_00385.png,ꦠꦲꦲꦚꦭꦕ,tahahanyalaca,6,Nawatura Beta
s_img_00188.png,ꦩꦭ,mala,2,New Kramawirya
s_img_00985.png,ꦛꦧ,thaba,2,Sehulbari
s_img_00917.png,ꦚꦭꦕꦪ,nyalacaya,4,New Kramawirya
s_img_00382.png,ꦭꦪꦗꦪꦛ,layajayatha,5,AR Demak Beta
s_img_00907.png,ꦥꦢꦱꦤꦲꦚ,padasanahanya,6,Nyk Ngayogyan Jejeg
s_img_00841.png,ꦢꦩꦮꦢꦮ,damawadawa,5,AB Bakul
s_img_00881.png,ꦮꦗꦛꦔꦕꦩ,wajathangacama,6,Nyk Ngayogyan New Italic
s_img_01193.png,ꦛꦮꦥꦭ,thawapala,4,Noto Sans Javanese Regular
s_img_00066.png,ꦏꦗꦚꦧ,kajanyaba,4,Nayaka New
s_img_00081.png,ꦤꦱ,nasa,2,AB Bakul
s_img_01140.png,ꦩꦮꦗꦢ,mawajada,4,Noto Sans Javanese Regular
s_img_00986.png,ꦗꦫꦏ,jaraka,3,Jamawi
s_img_00478.png,ꦕꦛ,catha,2,Noto Sans Javanese Regular
s_img_00808.png,ꦥꦲ,paha,2,Noto Sans Javanese Regular
s_img_00583.png,ꦭꦩꦱꦭ,lamasala,4,New Kramawirya
s_img_00351.png,ꦚꦤꦗꦕꦱ,nyanajacasa,5,CARAKAN JAWA
s_img_00878.png,ꦧꦭ,bala,2,AR Demak Beta
s_img_00073.png,ꦕꦮꦏꦮꦥ,cawakawapa,5,CARAKAN JAWA
s_img_00443.png,ꦠꦔ,tanga,2,Jamawi
s_img_00418.png,ꦧꦲꦛꦫꦗꦢ,bahatharajada,6,Dhuwung
s_img_00886.png,ꦒꦫꦲꦗ,garahaja,4,AB Bakul
s_img_00931.png,ꦮꦒ,waga,2,Nawatura Beta
s_img_00779.png,ꦢꦕꦭ,dacala,3,Jamawi
s_img_00664.png,ꦒꦭꦚꦠꦕ,galanyataca,5,Dhuwung
s_img_00524.png,ꦠꦥꦱꦤ,tapasana,4,Nawatura Beta
s_img_00902.png,ꦝꦧꦝꦒ,dhabadhaga,4,Noto Sans Javanese Regular
s_img_00580.png,ꦛꦥꦏꦪ,thapakaya,4,Sehulbari
s_img_00555.png,ꦔꦪꦗ,ngayaja,3,Nayaka New
s_img_01176.png,ꦮꦱꦲꦕꦲꦪ,wasahacahaya,6,Noto Sans Javanese Regular
s_img_00573.png,ꦛꦔꦠꦝꦤꦲ,thangatadhanaha,6,Nawatura Beta
s_img_00027.png,ꦧꦒꦩꦥꦕꦗ,bagamapacaja,6,AR Demak Beta
s_img_00884.png,ꦔꦠꦩꦲꦛꦗ,ngatamahathaja,6,Tuladha Jejeg
s_img_00725.png,ꦮꦚꦠꦠꦲꦗ,wanyatatahaja,6,New Kramawirya
s_img_01078.png,ꦧꦧꦪ,babaya,3,Nawatura Beta
s_img_00391.png,ꦮꦢꦝꦤꦱꦏ,wadadhanasaka,6,Noto Sans Javanese Regular
s_img_01150.png,ꦫꦕꦛꦛꦝꦛ,racathathadhatha,6,AB Bakul
s_img_01043.png,ꦗꦮꦔꦔꦱꦔ,jawangangasanga,6,AB Bakul
s_img_00320.png,ꦔꦗꦏꦚꦗ,ngajakanyaja,5,Dhuwung
s_img_00817.png,ꦛꦪꦥꦱꦧꦱ,thayapasabasa,6,Dhuwung
s_img_00434.png,ꦱꦪꦭꦕ,sayalaca,4,Noto Sans Javanese Regular
s_img_00619.png,ꦔꦗꦗꦠ,ngajajata,4,CARAKAN JAWA
s_img_01114.png,ꦗꦝ,jadha,2,AB Bakul
s_img_00844.png,ꦮꦧ,waba,2,Djoharuddin
s_img_01001.png,ꦚꦫꦒꦱꦲ,nyaragasaha,5,Jamawi
s_img_00007.png,ꦪꦏꦢꦱ,yakadasa,4,AR Demak Beta
s_img_00639.png,ꦲꦪꦤꦭꦚ,hayanalanya,5,Damarwulan
s_img_00364.png,ꦮꦪꦩꦕ,wayamaca,4,Nyk Ngayogyan New Italic
s_img_00105.png,ꦔꦝꦮ,ngadhawa,3,Gumregah New FULL
s_img_00587.png,ꦠꦗꦗꦢꦛꦩ,tajajadathama,6,Nyk Ngayogyan New Italic
s_img_01098.png,ꦧꦔꦫꦔꦲꦛ,bangarangahatha,6,Tuladha Jejeg
s_img_01090.png,ꦩꦚꦲꦛꦪ,manyahathaya,5,Dhuwung
s_img_00551.png,ꦗꦭꦭ,jalala,3,Nyk Ngayogyan Jejeg
s_img_00717.png,ꦏꦛꦚꦠꦛ,kathanyatatha,5,Dhuwung
s_img_00369.png,ꦧꦢ,bada,2,New Kramawirya
s_img_00238.png,ꦮꦥꦝꦝꦭ,wapadhadhala,5,CARAKAN JAWA
s_img_00792.png,ꦗꦤꦮꦚ,janawanya,4,Nyk Ngayogyan Jejeg
s_img_00874.png,ꦒꦔꦝꦢꦧ,gangadhadaba,5,Nayaka New
s_img_00367.png,ꦏꦤꦱꦱ,kanasasa,4,AB Wulang
s_img_00400.png,ꦤꦏꦠꦤꦚ,nakatananya,5,Nyk Ngayogyan New Italic
s_img_00723.png,ꦏꦔꦔꦗꦮꦧ,kangangajawaba,6,Noto Sans Javanese Regular
s_img_00319.png,ꦪꦱꦥꦲꦛ,yasapahatha,5,AB Wulang
s_img_01104.png,ꦚꦥꦫꦪꦛ,nyaparayatha,5,CARAKAN JAWA
s_img_00643.png,ꦚꦭꦝꦩ,nyaladhama,4,Djoharuddin
s_img_00038.png,ꦤꦏꦥꦚꦏ,nakapanyaka,5,Tuladha Jejeg
s_img_00540.png,ꦱꦠꦥ,satapa,3,Sehulbari
s_img_01141.png,ꦱꦭꦔꦮꦤ,salangawana,5,Nawatura Beta
s_img_00286.png,ꦚꦱ,nyasa,2,Damarwulan
s_img_00520.png,ꦪꦝꦒꦫꦝꦏ,yadhagaradhaka,6,Sehulbari
s_img_00379.png,ꦭꦚꦫ,lanyara,3,Djoharuddin
s_img_00994.png,ꦒꦕꦕ,gacaca,3,Dhuwung
s_img_00403.png,ꦚꦝꦢꦏꦚ,nyadhadakanya,5,Gumregah New FULL
s_img_00394.png,ꦔꦩꦒ,ngamaga,3,Dhuwung
s_img_00290.png,ꦛꦗꦭꦩꦧꦠ,thajalamabata,6,Nyk Ngayogyan New Italic
s_img_00575.png,ꦢꦫꦮ,darawa,3,New Kramawirya
s_img_00658.png,ꦤꦔꦪꦲꦏ,nangayahaka,5,Tuladha Jejeg
s_img_00427.png,ꦠꦤꦲꦏꦕ,tanahakaca,5,Nayaka New
s_img_00953.png,ꦚꦱꦒꦲ,nyasagaha,4,Nyk Ngayogyan New Italic
s_img_00691.png,ꦩꦪꦗ,mayaja,3,Nawatura Beta
s_img_01174.png,ꦗꦥꦏꦭ,japakala,4,Gumregah New FULL
s_img_00875.png,ꦕꦭ,cala,2,Dhuwung
s_img_00608.png,ꦚꦛꦱꦫꦫꦩ,nyathasararama,6,New Kramawirya
s_img_00281.png,ꦩꦚꦥ,manyapa,3,AB Bakul
s_img_00326.png,ꦮꦗ,waja,2,Nayaka New
s_img_00114.png,ꦕꦮꦔ,cawanga,3,Djoharuddin
s_img_00716.png,ꦚꦤꦱꦲꦩ,nyanasahama,5,AR Demak Beta
s_img_00539.png,ꦧꦩ,bama,2,Nayaka New
s_img_00680.png,ꦒꦗꦭ,gajala,3,Nyk Ngayogyan New Italic
s_img_00383.png,ꦏꦔꦫꦩꦚꦝ,kangaramanyadha,6,Dhuwung
s_img_00805.png,ꦥꦠꦪꦚꦏ,patayanyaka,5,Dhuwung
s_img_00921.png,ꦢꦩ,dama,2,Nyk Ngayogyan New Italic
s_img_00629.png,ꦩꦤꦗ,manaja,3,Jamawi
s_img_00673.png,ꦕꦏꦫ,cakara,3,Nayaka New
s_img_01163.png,ꦥꦗꦥꦭꦫꦤ,pajapalarana,6,Djoharuddin
s_img_00428.png,ꦛꦮꦲꦝꦫꦥ,thawahadharapa,6,AB Bakul
s_img_01003.png,ꦗꦗꦱꦏꦚꦒ,jajasakanyaga,6,New Kramawirya
s_img_00827.png,ꦔꦲꦚ,ngahanya,3,AB Wulang
s_img_00840.png,ꦗꦛꦒꦏ,jathagaka,4,New Kramawirya
s_img_00576.png,ꦕꦱꦫꦫꦚ,casararanya,5,Tuladha Jejeg
s_img_00781.png,ꦗꦚꦱꦲ,janyasaha,4,AB Bakul
s_img_01010.png,ꦫꦤꦧꦝꦲ,ranabadhaha,5,Dhuwung
s_img_00519.png,ꦗꦒꦱ,jagasa,3,AB Bakul
s_img_00905.png,ꦝꦥꦗꦱꦥ,dhapajasapa,5,AR Demak Beta
s_img_00191.png,ꦛꦕ,thaca,2,AR Demak Beta
s_img_00801.png,ꦗꦱꦒꦢ,jasagada,4,Noto Sans Javanese Regular
s_img_00396.png,ꦝꦗꦧꦲ,dhajabaha,4,AB Bakul
s_img_00325.png,ꦱꦒꦥꦤ,sagapana,4,Nayaka New
s_img_00181.png,ꦒꦔꦱꦪ,gangasaya,4,Damarwulan
s_img_00918.png,ꦏꦤꦠ,kanata,3,Gumregah New FULL
s_img_01073.png,ꦤꦧ,naba,2,Noto Sans Javanese Regular
s_img_00971.png,ꦥꦪꦔꦧꦮꦧ,payangabawaba,6,New Kramawirya
s_img_01134.png,ꦫꦪꦢꦏꦧ,rayadakaba,5,Nawatura Beta
s_img_01056.png,ꦪꦥꦛꦕꦩꦩ,yapathacamama,6,Nayaka New
s_img_00488.png,ꦢꦠꦏꦲ,datakaha,4,AR Demak Beta
s_img_00020.png,ꦒꦱꦚꦲꦲꦝ,gasanyahahadha,6,New Kramawirya
s_img_00898.png,ꦔꦧꦢꦩ,ngabadama,4,Nayaka New
s_img_00846.png,ꦧꦮꦝꦔ,bawadhanga,4,AB Wulang
s_img_00201.png,ꦱꦒꦚꦱꦚ,saganyasanya,5,AB Bakul
s_img_01017.png,ꦭꦪꦔꦗꦠꦧ,layangajataba,6,Nyk Ngayogyan Jejeg
s_img_00609.png,ꦕꦕꦤꦗꦚꦮ,cacanajanyawa,6,Sehulbari
s_img_00745.png,ꦚꦱꦱꦗꦭ,nyasasajala,5,Sehulbari
s_img_00098.png,ꦮꦧꦢ,wabada,3,Djoharuddin
s_img_00630.png,ꦒꦕꦥ,gacapa,3,New Kramawirya
s_img_00368.png,ꦒꦕ,gaca,2,Jamawi
s_img_00241.png,ꦮꦥꦧ,wapaba,3,Nayaka New
s_img_00559.png,ꦒꦕꦢꦕꦭꦫ,gacadacalara,6,Nyk Ngayogyan Jejeg
s_img_01121.png,ꦝꦒꦭ,dhagala,3,AB Wulang
s_img_01160.png,ꦏꦩꦮꦚꦏ,kamawanyaka,5,Sehulbari
s_img_00768.png,ꦏꦗꦒꦮ,kajagawa,4,Gumregah New FULL
s_img_00858.png,ꦗꦢꦗꦗꦒ,jadajajaga,5,Nyk Ngayogyan Jejeg
s_img_00284.png,ꦚꦫꦛꦝꦗꦤ,nyarathadhajana,6,Sehulbari
s_img_00582.png,ꦮꦤꦠꦗ,wanataja,4,Nyk Ngayogyan Jejeg
s_img_01151.png,ꦫꦱꦔꦱꦤꦔ,rasangasananga,6,CARAKAN JAWA
s_img_00954.png,ꦏꦢꦏꦮꦢ,kadakawada,5,Sehulbari
s_img_00644.png,ꦪꦤ,yana,2,Jamawi
s_img_00327.png,ꦒꦝꦱꦮ,gadhasawa,4,Nyk Ngayogyan Jejeg
s_img_00498.png,ꦫꦲꦚꦥꦗꦭ,rahanyapajala,6,Djoharuddin
s_img_00989.png,ꦕꦝ,cadha,2,Nawatura Beta
s_img_00185.png,ꦲꦝꦭꦒ,hadhalaga,4,Djoharuddin
s_img_00854.png,ꦧꦝ,badha,2,Gumregah New FULL
s_img_00437.png,ꦪꦪꦚꦠꦗꦚ,yayanyatajanya,6,Sehulbari
s_img_00278.png,ꦤꦔ,nanga,2,Damarwulan
s_img_01054.png,ꦝꦠꦮꦮ,dhatawawa,4,Dhuwung
s_img_00388.png,ꦒꦫꦪ,garaya,3,Gumregah New FULL
s_img_00785.png,ꦱꦪꦧꦫ,sayabara,4,Nayaka New
s_img_01016.png,ꦭꦲꦱꦪꦤꦭ,lahasayanala,6,Gumregah New FULL
s_img_00373.png,ꦢꦪꦩ,dayama,3,Tuladha Jejeg
s_img_00430.png,ꦗꦏꦭꦥꦠ,jakalapata,5,Nyk Ngayogyan New Italic
s_img_00627.png,ꦤꦫꦒꦭ,naragala,4,Jamawi
s_img_00624.png,ꦪꦒꦚꦱ,yaganyasa,4,Nayaka New
s_img_00225.png,ꦕꦏꦩꦛꦫ,cakamathara,5,New Kramawirya
s_img_01076.png,ꦢꦫꦫꦗꦗ,dararajaja,5,Nyk Ngayogyan New Italic
s_img_01072.png,ꦢꦥꦥ,dapapa,3,Nawatura Beta
s_img_00503.png,ꦱꦫꦛꦱ,sarathasa,4,Sehulbari
s_img_01198.png,ꦪꦔꦧ,yangaba,3,AB Wulang
s_img_00122.png,ꦪꦫꦒ,yaraga,3,Nyk Ngayogyan Jejeg
s_img_00349.png,ꦠꦕꦭꦲ,tacalaha,4,Nawatura Beta
s_img_00707.png,ꦢꦝꦧꦝꦫꦪ,dadhabadharaya,6,Nyk Ngayogyan New Italic
s_img_00887.png,ꦮꦤꦥ,wanapa,3,Dhuwung
s_img_00096.png,ꦭꦢꦭꦕ,ladalaca,4,Sehulbari
s_img_00777.png,ꦲꦱꦫꦒꦲꦮ,hasaragahawa,6,Djoharuddin
s_img_00968.png,ꦤꦲꦤꦮꦫ,nahanawara,5,Nyk Ngayogyan Jejeg
s_img_00468.png,ꦪꦮꦭ,yawala,3,Tuladha Jejeg
s_img_00977.png,ꦕꦥꦢꦒꦢꦏ,capadagadaka,6,Damarwulan
s_img_00362.png,ꦠꦥꦭꦤ,tapalana,4,AB Wulang
s_img_01126.png,ꦔꦤꦚꦗ,ngananyaja,4,Nyk Ngayogyan New Italic
s_img_00054.png,ꦱꦛꦏꦕꦪꦧ,sathakacayaba,6,Damarwulan
s_img_00758.png,ꦢꦛꦛꦫꦪꦱ,dathatharayasa,6,Gumregah New FULL
s_img_01183.png,ꦒꦮ,gawa,2,AR Demak Beta
s_img_01061.png,ꦔꦲ,ngaha,2,Nawatura Beta
s_img_00370.png,ꦭꦩꦗ,lamaja,3,Nawatura Beta
s_img_00894.png,ꦚꦗꦩꦥꦥꦕ,nyajamapapaca,6,AR Demak Beta
s_img_00376.png,ꦧꦱ,basa,2,CARAKAN JAWA
s_img_00701.png,ꦲꦮꦭꦩꦲꦭ,hawalamahala,6,Dhuwung
s_img_00425.png,ꦮꦔꦩꦲ,wangamaha,4,Jamawi
s_img_00417.png,ꦒꦏꦪꦭꦲ,gakayalaha,5,Damarwulan
s_img_00089.png,ꦥꦚ,panya,2,Nayaka New
s_img_00222.png,ꦫꦤꦗꦒꦔꦗ,ranajagangaja,6,Jamawi
s_img_00632.png,ꦝꦥꦥꦲ,dhapapaha,4,Nayaka New
s_img_00835.png,ꦫꦧꦮꦲꦧꦲ,rabawahabaha,6,Dhuwung
s_img_00043.png,ꦠꦧꦛꦔ,tabathanga,4,Damarwulan
s_img_00112.png,ꦚꦩꦱꦒꦢꦕ,nyamasagadaca,6,Dhuwung
s_img_00106.png,ꦧꦗꦔꦥ,bajangapa,4,Nyk Ngayogyan Jejeg
s_img_00086.png,ꦥꦥꦱꦢꦗꦚ,papasadajanya,6,Nyk Ngayogyan Jejeg
s_img_01022.png,ꦒꦢꦥ,gadapa,3,Noto Sans Javanese Regular
s_img_01169.png,ꦤꦒꦝꦔ,nagadhanga,4,Jamawi
s_img_01058.png,ꦩꦠꦫ,matara,3,AB Wulang
s_img_00173.png,ꦪꦚꦗꦲ,yanyajaha,4,Nawatura Beta
s_img_00336.png,ꦢꦔꦩ,dangama,3,New Kramawirya
s_img_00050.png,ꦝꦮ,dhawa,2,Noto Sans Javanese Regular
s_img_00709.png,ꦏꦪ,kaya,2,Nyk Ngayogyan Jejeg
s_img_00268.png,ꦢꦚꦚꦩꦔꦠ,danyanyamangata,6,New Kramawirya
s_img_00414.png,ꦏꦩꦤꦭꦲꦮ,kamanalahawa,6,Noto Sans Javanese Regular
s_img_00065.png,ꦒꦛ,gatha,2,Damarwulan
s_img_00984.png,ꦝꦭꦏꦔꦕ,dhalakangaca,5,Nyk Ngayogyan Jejeg
s_img_00156.png,ꦚꦲꦥ,nyahapa,3,Tuladha Jejeg
s_img_01020.png,ꦕꦱꦮꦚꦪ,casawanyaya,5,Sehulbari
s_img_00536.png,ꦱꦛꦗꦲ,sathajaha,4,Damarwulan
s_img_00692.png,ꦮꦩꦱ,wamasa,3,Dhuwung
s_img_00263.png,ꦠꦮ,tawa,2,Damarwulan
s_img_01093.png,ꦛꦭꦫꦕꦱꦝ,thalaracasadha,6,Jamawi
s_img_01157.png,ꦛꦝꦗ,thadhaja,3,Djoharuddin
s_img_00926.png,ꦔꦚꦕ,nganyaca,3,Tuladha Jejeg
s_img_00589.png,ꦢꦢꦕꦭꦧ,dadacalaba,5,Djoharuddin
s_img_00047.png,ꦛꦔꦲꦝꦗꦒ,thangahadhajaga,6,Tuladha Jejeg
s_img_00117.png,ꦲꦝꦪꦲꦔꦏ,hadhayahangaka,6,Tuladha Jejeg
s_img_00975.png,ꦥꦢꦲꦥꦫꦠ,padahaparata,6,Dhuwung
s_img_00515.png,ꦧꦩꦧꦫꦱ,bamabarasa,5,Tuladha Jejeg
s_img_00873.png,ꦗꦚ,janya,2,Nyk Ngayogyan Jejeg
s_img_00458.png,ꦢꦮꦫꦮꦤ,dawarawana,5,Nyk Ngayogyan Jejeg
s_img_00090.png,ꦛꦤꦲ,thanaha,3,Gumregah New FULL
s_img_00684.png,ꦱꦤ,sana,2,Dhuwung
s_img_00302.png,ꦚꦲꦢꦕ,nyahadaca,4,Sehulbari
s_img_00677.png,ꦭꦔꦤꦧꦪꦒ,langanabayaga,6,AR Demak Beta
s_img_00501.png,ꦧꦲ,baha,2,Jamawi
s_img_01101.png,ꦭꦝꦪꦩꦠꦒ,ladhayamataga,6,AR Demak Beta
s_img_00919.png,ꦩꦔꦪꦚꦛ,mangayanyatha,5,Dhuwung
s_img_00529.png,ꦪꦭꦩ,yalama,3,Tuladha Jejeg
s_img_00675.png,ꦝꦥ,dhapa,2,AB Bakul
s_img_00131.png,ꦧꦏꦝꦪꦛꦩ,bakadhayathama,6,Nawatura Beta
s_img_00260.png,ꦱꦭ,sala,2,Tuladha Jejeg
s_img_00387.png,ꦏꦗꦲꦭ,kajahala,4,New Kramawirya
s_img_01137.png,ꦪꦛ,yatha,2,CARAKAN JAWA
s_img_00374.png,ꦤꦏꦫ,nakara,3,AR Demak Beta
s_img_00952.png,ꦠꦤꦒ,tanaga,3,Nyk Ngayogyan Jejeg
s_img_00530.png,ꦩꦛꦲꦤꦪꦚ,mathahanayanya,6,Sehulbari
s_img_00134.png,ꦔꦫꦛ,ngaratha,3,Nayaka New
s_img_01144.png,ꦏꦠꦔꦛꦤꦥ,katangathanapa,6,AR Demak Beta
s_img_00890.png,ꦔꦛꦧꦮꦏ,ngathabawaka,5,New Kramawirya
s_img_01035.png,ꦮꦚꦧꦒꦢ,wanyabagada,5,Jamawi
s_img_00410.png,ꦔꦏꦒꦛ,ngakagatha,4,AR Demak Beta
s_img_00789.png,ꦏꦭꦫꦠ,kalarata,4,Dhuwung
s_img_00821.png,ꦭꦫꦧꦔ,larabanga,4,Nawatura Beta
s_img_00557.png,ꦥꦤꦥꦗꦢꦚ,panapajadanya,6,Nyk Ngayogyan New Italic
s_img_00732.png,ꦱꦪꦝꦒꦭꦔ,sayadhagalanga,6,Nawatura Beta
s_img_00310.png,ꦫꦮ,rawa,2,CARAKAN JAWA
s_img_00843.png,ꦔꦢꦤꦒꦪ,ngadanagaya,5,CARAKAN JAWA
s_img_00649.png,ꦝꦪꦭ,dhayala,3,Gumregah New FULL
s_img_01196.png,ꦪꦧꦥ,yabapa,3,CARAKAN JAWA
s_img_00034.png,ꦭꦔꦥꦲꦤ,langapahana,5,Nayaka New
s_img_00321.png,ꦛꦤꦢ,thanada,3,Nyk Ngayogyan Jejeg
s_img_00560.png,ꦪꦠꦮꦔ,yatawanga,4,Nyk Ngayogyan New Italic
s_img_00347.png,ꦤꦛꦢ,nathada,3,Tuladha Jejeg
s_img_01168.png,ꦛꦲꦔ,thahanga,3,Nyk Ngayogyan New Italic
s_img_00371.png,ꦮꦝꦩ,wadhama,3,Dhuwung
s_img_00939.png,ꦒꦕꦗꦩꦥꦛ,gacajamapatha,6,Jamawi
s_img_00948.png,ꦪꦮꦚꦚ,yawanyanya,4,Noto Sans Javanese Regular
s_img_00757.png,ꦚꦤꦚ,nyananya,3,Noto Sans Javanese Regular
s_img_00473.png,ꦕꦭꦕꦫꦏ,calacaraka,5,Gumregah New FULL
s_img_00270.png,ꦲꦚꦔꦕ,hanyangaca,4,Gumregah New FULL
s_img_00307.png,ꦕꦪꦒꦕꦥ,cayagacapa,5,CARAKAN JAWA
s_img_00094.png,ꦏꦠ,kata,2,Nayaka New
s_img_00436.png,ꦏꦤꦧꦒ,kanabaga,4,New Kramawirya
s_img_00987.png,ꦝꦕꦚꦢ,dhacanyada,4,Nyk Ngayogyan Jejeg
s_img_00912.png,ꦱꦤꦔꦲꦮꦚ,sanangahawanya,6,Djoharuddin
s_img_00255.png,ꦏꦛꦗꦠꦪ,kathajataya,5,Gumregah New FULL
s_img_00614.png,ꦏꦥꦕꦮ,kapacawa,4,AB Wulang
s_img_00960.png,ꦛꦮꦪ,thawaya,3,AR Demak Beta
s_img_00264.png,ꦔꦛꦭ,ngathala,3,Djoharuddin
s_img_00956.png,ꦮꦗꦥꦥ,wajapapa,4,AR Demak Beta
s_img_01071.png,ꦕꦭꦲ,calaha,3,CARAKAN JAWA
s_img_00964.png,ꦥꦏꦝꦠꦢꦒ,pakadhatadaga,6,AB Bakul
s_img_01048.png,ꦢꦚꦩ,danyama,3,Damarwulan
s_img_00004.png,ꦱꦝꦥ,sadhapa,3,Gumregah New FULL
s_img_01125.png,ꦔꦠꦭꦔꦢ,ngatalangada,5,Sehulbari
s_img_01038.png,ꦮꦧꦲꦭꦔꦢ,wabahalangada,6,CARAKAN JAWA
s_img_00694.png,ꦛꦧꦩꦚ,thabamanya,4,CARAKAN JAWA
s_img_00832.png,ꦝꦗꦲꦢꦩꦪ,dhajahadamaya,6,Nayaka New
s_img_01068.png,ꦕꦩꦧꦢ,camabada,4,Noto Sans Javanese Regular
s_img_00386.png,ꦫꦚꦧ,ranyaba,3,Nyk Ngayogyan Jejeg
s_img_00798.png,ꦕꦲꦒꦫꦝ,cahagaradha,5,Jamawi
s_img_00951.png,ꦪꦤꦥ,yanapa,3,Djoharuddin
s_img_01057.png,ꦥꦕꦫꦢꦛ,pacaradatha,5,Damarwulan
s_img_00183.png,ꦱꦒꦤꦗꦱꦢ,saganajasada,6,CARAKAN JAWA
s_img_00795.png,ꦕꦕ,caca,2,Noto Sans Javanese Regular
s_img_00666.png,ꦪꦝꦕꦮ,yadhacawa,4,Nyk Ngayogyan New Italic
s_img_00656.png,ꦫꦏꦏꦭ,rakakala,4,Dhuwung
s_img_00553.png,ꦕꦝꦫꦲꦲ,cadharahaha,5,Nawatura Beta
s_img_00305.png,ꦏꦕ,kaca,2,Sehulbari
s_img_00408.png,ꦏꦧꦕꦛꦱ,kabacathasa,5,CARAKAN JAWA
s_img_00239.png,ꦩꦩꦱꦛꦲ,mamasathaha,5,Nawatura Beta
s_img_00229.png,ꦩꦫꦪ,maraya,3,Noto Sans Javanese Regular
s_img_00826.png,ꦧꦤꦛꦤ,banathana,4,Jamawi
s_img_00807.png,ꦥꦗꦤꦠꦝꦧ,pajanatadhaba,6,AB Wulang
s_img_00920.png,ꦝꦫ,dhara,2,Damarwulan
s_img_00667.png,ꦭꦩꦥ,lamapa,3,Sehulbari
s_img_00607.png,ꦩꦥꦱ,mapasa,3,Tuladha Jejeg
s_img_00660.png,ꦧꦫꦥꦛ,barapatha,4,Jamawi
s_img_01083.png,ꦱꦪꦛꦝ,sayathadha,4,AB Wulang
s_img_01132.png,ꦗꦗꦪꦝꦪ,jajayadhaya,5,Nayaka New
s_img_00124.png,ꦠꦕꦝ,tacadha,3,Noto Sans Javanese Regular
s_img_00604.png,ꦩꦗꦱꦭꦮꦮ,majasalawawa,6,Nawatura Beta
s_img_00182.png,ꦫꦗ,raja,2,AB Wulang
s_img_00711.png,ꦲꦲ,haha,2,Damarwulan
s_img_00538.png,ꦢꦕꦮ,dacawa,3,AB Bakul
s_img_00766.png,ꦥꦤꦭꦗ,panalaja,4,Noto Sans Javanese Regular
s_img_00240.png,ꦝꦔꦝꦥꦝ,dhangadhapadha,5,AB Wulang
s_img_01156.png,ꦢꦭꦢꦲ,daladaha,4,Nyk Ngayogyan Jejeg
s_img_01184.png,ꦏꦝ,kadha,2,Nyk Ngayogyan New Italic
s_img_00398.png,ꦱꦢꦒ,sadaga,3,Nyk Ngayogyan Jejeg
s_img_00250.png,ꦲꦥꦔꦚꦮꦪ,hapanganyawaya,6,Nyk Ngayogyan New Italic
s_img_00356.png,ꦚꦲꦝ,nyahadha,3,Nyk Ngayogyan Jejeg
s_img_00762.png,ꦔꦫꦭꦔꦮꦧ,ngaralangawaba,6,New Kramawirya
s_img_00857.png,ꦫꦱꦮꦪꦤꦗ,rasawayanaja,6,Nayaka New
s_img_00933.png,ꦧꦤ,bana,2,Dhuwung
s_img_00748.png,ꦲꦛꦪꦝ,hathayadha,4,Sehulbari
s_img_00976.png,ꦱꦩꦭꦕ,samalaca,4,Dhuwung
s_img_01194.png,ꦛꦥꦥ,thapapa,3,CARAKAN JAWA
s_img_01188.png,ꦭꦠꦕꦱꦛ,latacasatha,5,Noto Sans Javanese Regular
s_img_00903.png,ꦥꦔꦤꦚꦗꦤ,pangananyajana,6,Nyk Ngayogyan New Italic
s_img_00577.png,ꦕꦫꦢꦏ,caradaka,4,AB Wulang
s_img_00896.png,ꦮꦤꦧꦮꦮ,wanabawawa,5,Jamawi
s_img_00803.png,ꦠꦔꦢꦔ,tangadanga,4,CARAKAN JAWA
s_img_00481.png,ꦗꦗꦔꦠꦝꦪ,jajangatadhaya,6,CARAKAN JAWA
s_img_00330.png,ꦤꦕꦠ,nacata,3,AB Bakul
s_img_00603.png,ꦕꦔꦭꦕꦏꦚ,cangalacakanya,6,Nyk Ngayogyan Jejeg
s_img_00017.png,ꦠꦤꦗ,tanaja,3,AB Bakul
s_img_00259.png,ꦕꦤꦮꦛ,canawatha,4,Gumregah New FULL
s_img_01162.png,ꦱꦝ,sadha,2,Nayaka New
s_img_00067.png,ꦗꦮ,jawa,2,Nawatura Beta
s_img_00363.png,ꦫꦗꦭꦝꦒꦭ,rajaladhagala,6,Jamawi
s_img_00442.png,ꦕꦗꦔꦒ,cajangaga,4,AR Demak Beta
s_img_00882.png,ꦭꦠ,lata,2,Jamawi
s_img_01027.png,ꦒꦏꦤ,gakana,3,Tuladha Jejeg
s_img_00853.png,ꦝꦗꦭ,dhajala,3,Djoharuddin
s_img_00489.png,ꦲꦢꦱ,hadasa,3,Nayaka New
s_img_01145.png,ꦤꦭꦗꦮꦥ,nalajawapa,5,Sehulbari
s_img_00165.png,ꦲꦱꦠꦧ,hasataba,4,Damarwulan
s_img_00189.png,ꦠꦫ,tara,2,New Kramawirya
s_img_00693.png,ꦪꦗ,yaja,2,New Kramawirya
s_img_00018.png,ꦏꦛꦕꦪꦪ,kathacayaya,5,Djoharuddin
s_img_00037.png,ꦭꦤꦗꦏꦏꦚ,lanajakakanya,6,AR Demak Beta
s_img_00533.png,ꦢꦔꦲ,dangaha,3,Gumregah New FULL
s_img_00722.png,ꦢꦛꦤꦠꦲ,dathanataha,5,Sehulbari
s_img_00471.png,ꦕꦮ,cawa,2,Noto Sans Javanese Regular
s_img_01177.png,ꦚꦢꦧ,nyadaba,3,Nawatura Beta
s_img_00572.png,ꦩꦱꦒꦠꦒ,masagataga,5,Djoharuddin
s_img_00010.png,ꦔꦭꦭꦔ,ngalalanga,4,Nyk Ngayogyan New Italic
s_img_01120.png,ꦪꦏꦢꦒꦝ,yakadagadha,5,Nayaka New
s_img_01089.png,ꦠꦝꦱꦥꦲ,tadhasapaha,5,Sehulbari
s_img_00596.png,ꦥꦩꦚꦪ,pamanyaya,4,Gumregah New FULL
s_img_00829.png,ꦭꦥꦧꦫ,lapabara,4,Jamawi
s_img_01080.png,ꦩꦲꦝ,mahadha,3,AB Bakul
s_img_01096.png,ꦫꦝꦚꦏꦱ,radhanyakasa,5,Nawatura Beta
s_img_00180.png,ꦩꦤꦧ,manaba,3,CARAKAN JAWA
s_img_00616.png,ꦚꦲꦚꦲꦭ,nyahanyahala,5,Nawatura Beta
s_img_00774.png,ꦛꦪꦫꦲꦢ,thayarahada,5,Nawatura Beta
s_img_00301.png,ꦝꦗꦥ,dhajapa,3,Gumregah New FULL
s_img_00378.png,ꦏꦝꦱ,kadhasa,3,Nyk Ngayogyan Jejeg
s_img_00868.png,ꦭꦫ,lara,2,Jamawi
s_img_00358.png,ꦢꦢꦛꦝꦚ,dadathadhanya,5,CARAKAN JAWA
s_img_00775.png,ꦫꦒꦔꦔꦛ,ragangangatha,5,Nawatura Beta
s_img_00223.png,ꦱꦱꦢ,sasada,3,Nayaka New
s_img_00093.png,ꦥꦒꦢꦥꦕꦕ,pagadapacaca,6,CARAKAN JAWA
s_img_00141.png,ꦩꦭꦢꦲꦒ,maladahaga,5,AB Bakul
s_img_00876.png,ꦤꦲ,naha,2,Nyk Ngayogyan Jejeg
s_img_00500.png,ꦱꦗ,saja,2,AB Wulang
s_img_00078.png,ꦔꦕꦒꦤ,ngacagana,4,AR Demak Beta
s_img_00108.png,ꦗꦏꦏꦚ,jakakanya,4,Noto Sans Javanese Regular
s_img_00469.png,ꦫꦔꦲ,rangaha,3,Nyk Ngayogyan New Italic
s_img_01178.png,ꦗꦧꦚꦤꦱꦲ,jabanyanasaha,6,AB Bakul
s_img_00856.png,ꦱꦔꦭꦱꦠ,sangalasata,5,Djoharuddin
s_img_00406.png,ꦮꦝꦛꦔ,wadhathanga,4,Djoharuddin
s_img_00405.png,ꦩꦕꦏꦛꦠꦒ,macakathataga,6,Noto Sans Javanese Regular
s_img_00845.png,ꦤꦏꦔꦩ,nakangama,4,Nyk Ngayogyan Jejeg
s_img_00765.png,ꦠꦫꦤ,tarana,3,Nyk Ngayogyan New Italic
s_img_00891.png,ꦮꦢꦤꦏꦒꦭ,wadanakagala,6,Nyk Ngayogyan Jejeg
s_img_00355.png,ꦕꦧ,caba,2,Sehulbari
s_img_01052.png,ꦭꦫꦫꦕꦠꦪ,lararacataya,6,AB Bakul
s_img_00439.png,ꦭꦥꦮꦫ,lapawara,4,Sehulbari
s_img_00788.png,ꦤꦮꦢꦛ,nawadatha,4,Djoharuddin
s_img_00507.png,ꦥꦲꦒꦱ,pahagasa,4,CARAKAN JAWA
s_img_00522.png,ꦏꦧꦢꦠꦚꦒ,kabadatanyaga,6,CARAKAN JAWA
s_img_00130.png,ꦱꦢꦮꦗꦚ,sadawajanya,5,Jamawi
s_img_00118.png,ꦠꦏ,taka,2,Noto Sans Javanese Regular
s_img_00703.png,ꦠꦲꦛ,tahatha,3,AB Wulang
s_img_00401.png,ꦚꦮꦗ,nyawaja,3,Nyk Ngayogyan Jejeg
s_img_00028.png,ꦝꦝꦚ,dhadhanya,3,Nawatura Beta
s_img_00335.png,ꦭꦲ,laha,2,AR Demak Beta
s_img_00992.png,ꦮꦪ,waya,2,Nayaka New
s_img_01164.png,ꦛꦪꦭꦕꦏ,thayalacaka,5,AR Demak Beta
s_img_00426.png,ꦧꦮ,bawa,2,AB Bakul
s_img_00003.png,ꦥꦠ,pata,2,Damarwulan
s_img_01009.png,ꦲꦚꦫꦝꦪꦛ,hanyaradhayatha,6,Tuladha Jejeg
s_img_00163.png,ꦒꦢ,gada,2,Djoharuddin
s_img_00973.png,ꦏꦝꦔꦥꦥꦒ,kadhangapapaga,6,Dhuwung
s_img_01055.png,ꦒꦏꦕ,gakaca,3,Nyk Ngayogyan Jejeg
s_img_00610.png,ꦥꦕꦤꦱꦪꦒ,pacanasayaga,6,New Kramawirya
s_img_00719.png,ꦢꦒꦫꦔꦗ,dagarangaja,5,Djoharuddin
s_img_00938.png,ꦮꦲꦗꦥꦝꦝ,wahajapadhadha,6,CARAKAN JAWA
s_img_00266.png,ꦒꦝꦗ,gadhaja,3,Nyk Ngayogyan New Italic
s_img_00588.png,ꦭꦭꦮꦤ,lalawana,4,Tuladha Jejeg
s_img_00651.png,ꦛꦠꦲꦭꦧ,thatahalaba,5,New Kramawirya
s_img_00323.png,ꦢꦮꦩꦒꦠ,dawamagata,5,Nyk Ngayogyan Jejeg
s_img_00932.png,ꦗꦧꦱꦏꦧ,jabasakaba,5,Nyk Ngayogyan Jejeg
s_img_00877.png,ꦱꦲꦕꦫꦱ,sahacarasa,5,Djoharuddin
s_img_01067.png,ꦤꦭꦚꦱꦥꦩ,nalanyasapama,6,Gumregah New FULL
s_img_00594.png,ꦪꦤꦫ,yanara,3,Noto Sans Javanese Regular
s_img_00810.png,ꦏꦢ,kada,2,Nawatura Beta
s_img_00161.png,ꦱꦒꦲ,sagaha,3,CARAKAN JAWA
s_img_00245.png,ꦫꦛ,ratha,2,CARAKAN JAWA
s_img_00097.png,ꦭꦮ,lawa,2,Djoharuddin
s_img_00380.png,ꦏꦒꦕꦧꦧ,kagacababa,5,Nyk Ngayogyan Jejeg
s_img_00001.png,ꦪꦩ,yama,2,Damarwulan
s_img_00449.png,ꦔꦫꦝ,ngaradha,3,AB Wulang
